,sum_sq,df,F,PR(>F),eta_sq
C(chunking),3.034115266696383,3.0,8.451644512420613,1.3143897614511432e-05,0.0015375658257741807
C(pre_retrieval),29.170770415722792,2.0,121.88445067327557,3.097129922521259e-53,0.014782556284209915
C(retrieval),136.705134459344,2.0,571.1960973376493,8.104156092798971e-240,0.06927658459772855
C(index_structure),5.386809173094939,1.0,45.015491026630805,2.0246966304024813e-11,0.0027298151080251856
C(post_retrieval),0.5715417227157744,2.0,2.3880771031169785,0.09184088382147919,0.00028963402626714226
Residual,1798.455447582467,15029.0,,,0.911383844157995
