,sum_sq,df,F,PR(>F),eta_sq
C(chunking),5.359694633578066,3.0,11.308102217978805,2.1105784130354068e-07,0.002859034492850471
C(retrieval),243.8402548220227,2.0,771.6961641183963,7.0803055235e-313,0.1300722796619859
C(rag_complexity_profile),9.058309599227275,3.0,19.111590841095758,2.3551561906826304e-12,0.004831995358254227
Residual,1616.3937071879523,10231.0,,,0.8622366904869093
