,sum_sq,df,F,PR(>F),eta_sq
C(chunking),3.0341152666964017,3.0,8.3503706816713,1.521108735914449e-05,0.0015412416756686988
C(retrieval),129.31418612242092,2.0,533.8399963113026,1.0474101142454962e-224,0.06568781848688965
C(rag_complexity_profile),15.759690169340297,3.0,43.37318894465411,6.715113769966638e-28,0.008005460949761603
Residual,1820.5094644806738,15031.0,,,0.9247654788876801
