,sum_sq,df,F,PR(>F),eta_sq
C(chunking),5.359694633578097,3.0,11.399568861771796,1.8478435862849334e-07,0.0028737453871002312
C(pre_retrieval),1.0533819127963775,2.0,3.3606671108006765,0.034750425226006236,0.0005647992319914132
C(retrieval),240.44735237479492,2.0,767.1135218753997,3.8380681787965e-311,0.12892235788930276
C(index_structure),13.90960738947357,1.0,88.75329927368891,5.439353769674503e-21,0.007458012593002798
C(post_retrieval),1.1746459081829823,2.0,3.747542864095317,0.023607978133129145,0.0006298182062405031
Residual,1603.1108156122905,10229.0,,,0.8595512666923623
