chunking,retrieval,hitrate,recall,mrr,ndcg
c_512,dense,0.203125,0.14518229166666669,0.15625,0.13816864517948332
c_1024,dense,0.25,0.17708333333333331,0.234375,0.1837787333621957
c_rec,dense,0.234375,0.17252604166666666,0.17369791666666665,0.15890995906930422
c_sem,dense,0.28125,0.20507812499999997,0.2140625,0.17857526278969338
